{
    "id": 131609638,
    "id_str": "131609638",
    "name": "IBoom Social Media",
    "screen_name": "IBoomMedia",
    "location": "Orlando & Utah",
    "profile_location": null,
    "description": "The latest in #SocialMedia, plus tips on #Twitter, #Facebook, #Pinterest, #Google & #Socialmediamarketing from @Jmhhacker",
    "url": "http://t.co/cBLNSzmAuK",
    "entities": {
        "url": {
            "urls": [
                {
                    "url": "http://t.co/cBLNSzmAuK",
                    "expanded_url": "http://www.iboommedia.com",
                    "display_url": "iboommedia.com",
                    "indices": [
                        0,
                        22
                    ]
                }
            ]
        },
        "description": {
            "urls": []
        }
    },
    "protected": false,
    "followers_count": 56621,
    "friends_count": 38354,
    "listed_count": 902,
    "created_at": "Sat Apr 10 20:01:38 +0000 2010",
    "favourites_count": 141,
    "utc_offset": -10800,
    "time_zone": "Atlantic Time (Canada)",
    "geo_enabled": true,
    "verified": false,
    "statuses_count": 10501,
    "lang": "en",
    "status": {
        "created_at": "Wed Jul 13 16:13:04 +0000 2016",
        "id": 753260970609221600,
        "id_str": "753260970609221632",
        "text": "Twitter, Facebook Announce New Live-Streaming TV Deals (and Why That Matters to You) https://t.co/ysKeLs31uk",
        "truncated": false,
        "entities": {
            "hashtags": [],
            "symbols": [],
            "user_mentions": [],
            "urls": [
                {
                    "url": "https://t.co/ysKeLs31uk",
                    "expanded_url": "http://dlvr.it/LndhDX",
                    "display_url": "dlvr.it/LndhDX",
                    "indices": [
                        85,
                        108
                    ]
                }
            ]
        },
        "source": "<a href=\"http://dlvr.it\" rel=\"nofollow\">dlvr.it</a>",
        "in_reply_to_status_id": null,
        "in_reply_to_status_id_str": null,
        "in_reply_to_user_id": null,
        "in_reply_to_user_id_str": null,
        "in_reply_to_screen_name": null,
        "geo": null,
        "coordinates": null,
        "place": null,
        "contributors": null,
        "is_quote_status": false,
        "retweet_count": 0,
        "favorite_count": 1,
        "favorited": false,
        "retweeted": false,
        "possibly_sensitive": false,
        "lang": "en"
    },
    "contributors_enabled": false,
    "is_translator": false,
    "is_translation_enabled": false,
    "profile_background_color": "131516",
    "profile_background_image_url": "http://pbs.twimg.com/profile_background_images/484622940026073090/qcY7qBln.jpeg",
    "profile_background_image_url_https": "https://pbs.twimg.com/profile_background_images/484622940026073090/qcY7qBln.jpeg",
    "profile_background_tile": true,
    "profile_image_url": "http://pbs.twimg.com/profile_images/697555253143572480/LNszkx1v_normal.png",
    "profile_image_url_https": "https://pbs.twimg.com/profile_images/697555253143572480/LNszkx1v_normal.png",
    "profile_banner_url": "https://pbs.twimg.com/profile_banners/131609638/1455145119",
    "profile_link_color": "171A1A",
    "profile_sidebar_border_color": "FFFFFF",
    "profile_sidebar_fill_color": "EFEFEF",
    "profile_text_color": "333333",
    "profile_use_background_image": true,
    "has_extended_profile": false,
    "default_profile": false,
    "default_profile_image": false,
    "following": null,
    "follow_request_sent": null,
    "notifications": null
}