{
    "id": 432029072,
    "id_str": "432029072",
    "name": "Ace Event Photos",
    "screen_name": "photo_ace",
    "location": "London",
    "profile_location": null,
    "description": "aceeventphotos@gmail.com https://t.co/MdaM86yira hope you can support what I am trying todo photography and photo art is what I love",
    "url": null,
    "entities": {
        "description": {
            "urls": [
                {
                    "url": "https://t.co/MdaM86yira",
                    "expanded_url": "http://gofundme.com/266dsqs",
                    "display_url": "gofundme.com/266dsqs",
                    "indices": [
                        25,
                        48
                    ]
                }
            ]
        }
    },
    "protected": false,
    "followers_count": 1019122,
    "friends_count": 516694,
    "listed_count": 241,
    "created_at": "Thu Dec 08 23:32:56 +0000 2011",
    "favourites_count": 8845,
    "utc_offset": 3600,
    "time_zone": "London",
    "geo_enabled": true,
    "verified": false,
    "statuses_count": 55109,
    "lang": "en",
    "status": {
        "created_at": "Wed Jul 13 17:07:03 +0000 2016",
        "id": 753274553271455700,
        "id_str": "753274553271455744",
        "text": "RT @BBCBreaking: .@Theresa_May meets Queen as she is officially appointed UK PM\n\nhttps://t.co/jo2sWrbZxk https://t.co/eZus9Eqbrw",
        "truncated": false,
        "entities": {
            "hashtags": [],
            "symbols": [],
            "user_mentions": [
                {
                    "screen_name": "BBCBreaking",
                    "name": "BBC Breaking News",
                    "id": 5402612,
                    "id_str": "5402612",
                    "indices": [
                        3,
                        15
                    ]
                },
                {
                    "screen_name": "theresa_may",
                    "name": "Theresa May",
                    "id": 747807250819981300,
                    "id_str": "747807250819981312",
                    "indices": [
                        18,
                        30
                    ]
                }
            ],
            "urls": [
                {
                    "url": "https://t.co/jo2sWrbZxk",
                    "expanded_url": "http://bbc.in/28IZNv2",
                    "display_url": "bbc.in/28IZNv2",
                    "indices": [
                        81,
                        104
                    ]
                }
            ],
            "media": [
                {
                    "id": 753267737317834800,
                    "id_str": "753267737317834752",
                    "indices": [
                        105,
                        128
                    ],
                    "media_url": "http://pbs.twimg.com/media/CnQlBB-XgAAfj-c.jpg",
                    "media_url_https": "https://pbs.twimg.com/media/CnQlBB-XgAAfj-c.jpg",
                    "url": "https://t.co/eZus9Eqbrw",
                    "display_url": "pic.twitter.com/eZus9Eqbrw",
                    "expanded_url": "http://twitter.com/BBCBreaking/status/753268225945796608/photo/1",
                    "type": "photo",
                    "sizes": {
                        "large": {
                            "w": 1024,
                            "h": 576,
                            "resize": "fit"
                        },
                        "medium": {
                            "w": 1024,
                            "h": 576,
                            "resize": "fit"
                        },
                        "small": {
                            "w": 680,
                            "h": 383,
                            "resize": "fit"
                        },
                        "thumb": {
                            "w": 150,
                            "h": 150,
                            "resize": "crop"
                        }
                    },
                    "source_status_id": 753268225945796600,
                    "source_status_id_str": "753268225945796608",
                    "source_user_id": 5402612,
                    "source_user_id_str": "5402612"
                }
            ]
        },
        "extended_entities": {
            "media": [
                {
                    "id": 753267737317834800,
                    "id_str": "753267737317834752",
                    "indices": [
                        105,
                        128
                    ],
                    "media_url": "http://pbs.twimg.com/media/CnQlBB-XgAAfj-c.jpg",
                    "media_url_https": "https://pbs.twimg.com/media/CnQlBB-XgAAfj-c.jpg",
                    "url": "https://t.co/eZus9Eqbrw",
                    "display_url": "pic.twitter.com/eZus9Eqbrw",
                    "expanded_url": "http://twitter.com/BBCBreaking/status/753268225945796608/photo/1",
                    "type": "photo",
                    "sizes": {
                        "large": {
                            "w": 1024,
                            "h": 576,
                            "resize": "fit"
                        },
                        "medium": {
                            "w": 1024,
                            "h": 576,
                            "resize": "fit"
                        },
                        "small": {
                            "w": 680,
                            "h": 383,
                            "resize": "fit"
                        },
                        "thumb": {
                            "w": 150,
                            "h": 150,
                            "resize": "crop"
                        }
                    },
                    "source_status_id": 753268225945796600,
                    "source_status_id_str": "753268225945796608",
                    "source_user_id": 5402612,
                    "source_user_id_str": "5402612",
                    "ext_alt_text": null
                }
            ]
        },
        "source": "<a href=\"http://twitter.com/#!/download/ipad\" rel=\"nofollow\">Twitter for iPad</a>",
        "in_reply_to_status_id": null,
        "in_reply_to_status_id_str": null,
        "in_reply_to_user_id": null,
        "in_reply_to_user_id_str": null,
        "in_reply_to_screen_name": null,
        "geo": null,
        "coordinates": null,
        "place": null,
        "contributors": null,
        "retweeted_status": {
            "created_at": "Wed Jul 13 16:41:54 +0000 2016",
            "id": 753268225945796600,
            "id_str": "753268225945796608",
            "text": ".@Theresa_May meets Queen as she is officially appointed UK PM\n\nhttps://t.co/jo2sWrbZxk https://t.co/eZus9Eqbrw",
            "truncated": false,
            "entities": {
                "hashtags": [],
                "symbols": [],
                "user_mentions": [
                    {
                        "screen_name": "theresa_may",
                        "name": "Theresa May",
                        "id": 747807250819981300,
                        "id_str": "747807250819981312",
                        "indices": [
                            1,
                            13
                        ]
                    }
                ],
                "urls": [
                    {
                        "url": "https://t.co/jo2sWrbZxk",
                        "expanded_url": "http://bbc.in/28IZNv2",
                        "display_url": "bbc.in/28IZNv2",
                        "indices": [
                            64,
                            87
                        ]
                    }
                ],
                "media": [
                    {
                        "id": 753267737317834800,
                        "id_str": "753267737317834752",
                        "indices": [
                            88,
                            111
                        ],
                        "media_url": "http://pbs.twimg.com/media/CnQlBB-XgAAfj-c.jpg",
                        "media_url_https": "https://pbs.twimg.com/media/CnQlBB-XgAAfj-c.jpg",
                        "url": "https://t.co/eZus9Eqbrw",
                        "display_url": "pic.twitter.com/eZus9Eqbrw",
                        "expanded_url": "http://twitter.com/BBCBreaking/status/753268225945796608/photo/1",
                        "type": "photo",
                        "sizes": {
                            "large": {
                                "w": 1024,
                                "h": 576,
                                "resize": "fit"
                            },
                            "medium": {
                                "w": 1024,
                                "h": 576,
                                "resize": "fit"
                            },
                            "small": {
                                "w": 680,
                                "h": 383,
                                "resize": "fit"
                            },
                            "thumb": {
                                "w": 150,
                                "h": 150,
                                "resize": "crop"
                            }
                        }
                    }
                ]
            },
            "extended_entities": {
                "media": [
                    {
                        "id": 753267737317834800,
                        "id_str": "753267737317834752",
                        "indices": [
                            88,
                            111
                        ],
                        "media_url": "http://pbs.twimg.com/media/CnQlBB-XgAAfj-c.jpg",
                        "media_url_https": "https://pbs.twimg.com/media/CnQlBB-XgAAfj-c.jpg",
                        "url": "https://t.co/eZus9Eqbrw",
                        "display_url": "pic.twitter.com/eZus9Eqbrw",
                        "expanded_url": "http://twitter.com/BBCBreaking/status/753268225945796608/photo/1",
                        "type": "photo",
                        "sizes": {
                            "large": {
                                "w": 1024,
                                "h": 576,
                                "resize": "fit"
                            },
                            "medium": {
                                "w": 1024,
                                "h": 576,
                                "resize": "fit"
                            },
                            "small": {
                                "w": 680,
                                "h": 383,
                                "resize": "fit"
                            },
                            "thumb": {
                                "w": 150,
                                "h": 150,
                                "resize": "crop"
                            }
                        },
                        "ext_alt_text": null
                    }
                ]
            },
            "source": "<a href=\"https://about.twitter.com/products/tweetdeck\" rel=\"nofollow\">TweetDeck</a>",
            "in_reply_to_status_id": 753266416191541200,
            "in_reply_to_status_id_str": "753266416191541248",
            "in_reply_to_user_id": 5402612,
            "in_reply_to_user_id_str": "5402612",
            "in_reply_to_screen_name": "BBCBreaking",
            "geo": null,
            "coordinates": null,
            "place": null,
            "contributors": null,
            "is_quote_status": false,
            "retweet_count": 2043,
            "favorite_count": 1307,
            "favorited": false,
            "retweeted": false,
            "possibly_sensitive": false,
            "lang": "en"
        },
        "is_quote_status": false,
        "retweet_count": 2043,
        "favorite_count": 0,
        "favorited": false,
        "retweeted": false,
        "possibly_sensitive": false,
        "lang": "en"
    },
    "contributors_enabled": false,
    "is_translator": false,
    "is_translation_enabled": false,
    "profile_background_color": "C0DEED",
    "profile_background_image_url": "http://abs.twimg.com/images/themes/theme1/bg.png",
    "profile_background_image_url_https": "https://abs.twimg.com/images/themes/theme1/bg.png",
    "profile_background_tile": false,
    "profile_image_url": "http://pbs.twimg.com/profile_images/563647787804286976/H7hSNfc5_normal.jpeg",
    "profile_image_url_https": "https://pbs.twimg.com/profile_images/563647787804286976/H7hSNfc5_normal.jpeg",
    "profile_banner_url": "https://pbs.twimg.com/profile_banners/432029072/1468266477",
    "profile_link_color": "0084B4",
    "profile_sidebar_border_color": "C0DEED",
    "profile_sidebar_fill_color": "DDEEF6",
    "profile_text_color": "333333",
    "profile_use_background_image": true,
    "has_extended_profile": false,
    "default_profile": true,
    "default_profile_image": false,
    "following": null,
    "follow_request_sent": null,
    "notifications": null
}