{
    "id": 3180978036,
    "id_str": "3180978036",
    "name": "R.J. Adams",
    "screen_name": "RJAdams11",
    "location": "Sacramento, CA",
    "profile_location": {
        "id": "b71fac2ee9792cbe",
        "url": "https://api.twitter.com/1.1/geo/id/b71fac2ee9792cbe.json",
        "place_type": "unknown",
        "name": "Sacramento, CA",
        "full_name": "Sacramento, CA",
        "country_code": "",
        "country": "",
        "contained_within": [],
        "bounding_box": null,
        "attributes": {}
    },
    "description": "Marketer, Author, Entrepreneur - \n\nOwner of https://t.co/WCFtZ0tvGk, https://t.co/vd6MHwW7OD & https://t.co/bWrU3JK1pe\n\nSharing tips & advice for entrepreneurs.",
    "url": "https://t.co/WCFtZ0tvGk",
    "entities": {
        "url": {
            "urls": [
                {
                    "url": "https://t.co/WCFtZ0tvGk",
                    "expanded_url": "http://FollowGrow.com",
                    "display_url": "FollowGrow.com",
                    "indices": [
                        0,
                        23
                    ]
                }
            ]
        },
        "description": {
            "urls": [
                {
                    "url": "https://t.co/WCFtZ0tvGk",
                    "expanded_url": "http://FollowGrow.com",
                    "display_url": "FollowGrow.com",
                    "indices": [
                        44,
                        67
                    ]
                },
                {
                    "url": "https://t.co/vd6MHwW7OD",
                    "expanded_url": "http://eBooksHabit.com",
                    "display_url": "eBooksHabit.com",
                    "indices": [
                        69,
                        92
                    ]
                },
                {
                    "url": "https://t.co/bWrU3JK1pe",
                    "expanded_url": "http://BookTweeters.com",
                    "display_url": "BookTweeters.com",
                    "indices": [
                        95,
                        118
                    ]
                }
            ]
        }
    },
    "protected": false,
    "followers_count": 65865,
    "friends_count": 37047,
    "listed_count": 393,
    "created_at": "Thu Apr 30 22:06:30 +0000 2015",
    "favourites_count": 0,
    "utc_offset": -25200,
    "time_zone": "Pacific Time (US & Canada)",
    "geo_enabled": false,
    "verified": false,
    "statuses_count": 347,
    "lang": "en",
    "status": {
        "created_at": "Wed Jul 13 15:14:11 +0000 2016",
        "id": 753246151395213300,
        "id_str": "753246151395213316",
        "text": "\"I'm grinding while you're sleeping.\"\n\n- Gary Vaynerchuk",
        "truncated": false,
        "entities": {
            "hashtags": [],
            "symbols": [],
            "user_mentions": [],
            "urls": []
        },
        "source": "<a href=\"http://bufferapp.com\" rel=\"nofollow\">Buffer</a>",
        "in_reply_to_status_id": null,
        "in_reply_to_status_id_str": null,
        "in_reply_to_user_id": null,
        "in_reply_to_user_id_str": null,
        "in_reply_to_screen_name": null,
        "geo": null,
        "coordinates": null,
        "place": null,
        "contributors": null,
        "is_quote_status": false,
        "retweet_count": 0,
        "favorite_count": 4,
        "favorited": false,
        "retweeted": false,
        "lang": "en"
    },
    "contributors_enabled": false,
    "is_translator": false,
    "is_translation_enabled": false,
    "profile_background_color": "000000",
    "profile_background_image_url": "http://abs.twimg.com/images/themes/theme1/bg.png",
    "profile_background_image_url_https": "https://abs.twimg.com/images/themes/theme1/bg.png",
    "profile_background_tile": false,
    "profile_image_url": "http://pbs.twimg.com/profile_images/593899591109517312/6gwO3KHi_normal.png",
    "profile_image_url_https": "https://pbs.twimg.com/profile_images/593899591109517312/6gwO3KHi_normal.png",
    "profile_link_color": "00557D",
    "profile_sidebar_border_color": "000000",
    "profile_sidebar_fill_color": "000000",
    "profile_text_color": "000000",
    "profile_use_background_image": false,
    "has_extended_profile": false,
    "default_profile": false,
    "default_profile_image": false,
    "following": null,
    "follow_request_sent": null,
    "notifications": null
}