{
    "id": 583233410,
    "id_str": "583233410",
    "name": "Elsevier",
    "screen_name": "ElsevierConnect",
    "location": "New York, Amsterdam, London",
    "profile_location": null,
    "description": "Elsevier's official Twitter channel. Connecting communities and sharing stories in science, technology and health.",
    "url": "http://t.co/6vsDZPi4fV",
    "entities": {
        "url": {
            "urls": [
                {
                    "url": "http://t.co/6vsDZPi4fV",
                    "expanded_url": "http://www.elsevierconnect.com",
                    "display_url": "elsevierconnect.com",
                    "indices": [
                        0,
                        22
                    ]
                }
            ]
        },
        "description": {
            "urls": []
        }
    },
    "protected": false,
    "followers_count": 29717,
    "friends_count": 1622,
    "listed_count": 663,
    "created_at": "Thu May 17 22:49:30 +0000 2012",
    "favourites_count": 132,
    "utc_offset": -14400,
    "time_zone": "Eastern Time (US & Canada)",
    "geo_enabled": true,
    "verified": false,
    "statuses_count": 3249,
    "lang": "en",
    "status": {
        "created_at": "Wed Jul 13 13:52:22 +0000 2016",
        "id": 753225559333822500,
        "id_str": "753225559333822464",
        "text": "@tluijf That's not good. You should contact Customer Support: https://t.co/Nt9OWtjJJk",
        "truncated": false,
        "entities": {
            "hashtags": [],
            "symbols": [],
            "user_mentions": [
                {
                    "screen_name": "tluijf",
                    "name": "T. Luijf",
                    "id": 182558218,
                    "id_str": "182558218",
                    "indices": [
                        0,
                        7
                    ]
                }
            ],
            "urls": [
                {
                    "url": "https://t.co/Nt9OWtjJJk",
                    "expanded_url": "http://service.elsevier.com/app/overview/elsevier/",
                    "display_url": "service.elsevier.com/app/overview/e…",
                    "indices": [
                        62,
                        85
                    ]
                }
            ]
        },
        "source": "<a href=\"http://www.hootsuite.com\" rel=\"nofollow\">Hootsuite</a>",
        "in_reply_to_status_id": 753223083343872000,
        "in_reply_to_status_id_str": "753223083343872000",
        "in_reply_to_user_id": 182558218,
        "in_reply_to_user_id_str": "182558218",
        "in_reply_to_screen_name": "tluijf",
        "geo": null,
        "coordinates": null,
        "place": null,
        "contributors": null,
        "is_quote_status": false,
        "retweet_count": 0,
        "favorite_count": 0,
        "favorited": false,
        "retweeted": false,
        "possibly_sensitive": false,
        "lang": "en"
    },
    "contributors_enabled": false,
    "is_translator": false,
    "is_translation_enabled": false,
    "profile_background_color": "FFFFFF",
    "profile_background_image_url": "http://abs.twimg.com/images/themes/theme1/bg.png",
    "profile_background_image_url_https": "https://abs.twimg.com/images/themes/theme1/bg.png",
    "profile_background_tile": false,
    "profile_image_url": "http://pbs.twimg.com/profile_images/378800000609568559/be3575995f2bacd6f9d692fb1acccef1_normal.jpeg",
    "profile_image_url_https": "https://pbs.twimg.com/profile_images/378800000609568559/be3575995f2bacd6f9d692fb1acccef1_normal.jpeg",
    "profile_banner_url": "https://pbs.twimg.com/profile_banners/583233410/1402523410",
    "profile_link_color": "00759B",
    "profile_sidebar_border_color": "C0DEED",
    "profile_sidebar_fill_color": "DDEEF6",
    "profile_text_color": "333333",
    "profile_use_background_image": false,
    "has_extended_profile": false,
    "default_profile": false,
    "default_profile_image": false,
    "following": null,
    "follow_request_sent": null,
    "notifications": null
}