{
    "id": 586941998,
    "id_str": "586941998",
    "name": "Katrin Boeke-Purkis",
    "screen_name": "BoekeKatrin",
    "location": "Silicon Valley California USA",
    "profile_location": null,
    "description": "A pessimist sees the difficulty in every opportunity. An optimist sees the opportunity in every difficulty.",
    "url": "http://t.co/ZtSOJhOWXv",
    "entities": {
        "url": {
            "urls": [
                {
                    "url": "http://t.co/ZtSOJhOWXv",
                    "expanded_url": "http://about.me/kboekepurkis",
                    "display_url": "about.me/kboekepurkis",
                    "indices": [
                        0,
                        22
                    ]
                }
            ]
        },
        "description": {
            "urls": []
        }
    },
    "protected": false,
    "followers_count": 37281,
    "friends_count": 22760,
    "listed_count": 42,
    "created_at": "Mon May 21 22:44:12 +0000 2012",
    "favourites_count": 7718,
    "utc_offset": -25200,
    "time_zone": "Pacific Time (US & Canada)",
    "geo_enabled": false,
    "verified": false,
    "statuses_count": 6723,
    "lang": "en",
    "status": {
        "created_at": "Wed Jul 13 17:19:33 +0000 2016",
        "id": 753277699003670500,
        "id_str": "753277699003670528",
        "text": "Art Humanities Connection https://t.co/dPrwaR0tQs",
        "truncated": false,
        "entities": {
            "hashtags": [],
            "symbols": [],
            "user_mentions": [],
            "urls": [
                {
                    "url": "https://t.co/dPrwaR0tQs",
                    "expanded_url": "https://twitter.com/TLRHub/status/753276737216245761",
                    "display_url": "twitter.com/TLRHub/status/…",
                    "indices": [
                        26,
                        49
                    ]
                }
            ]
        },
        "source": "<a href=\"http://twitter.com\" rel=\"nofollow\">Twitter Web Client</a>",
        "in_reply_to_status_id": null,
        "in_reply_to_status_id_str": null,
        "in_reply_to_user_id": null,
        "in_reply_to_user_id_str": null,
        "in_reply_to_screen_name": null,
        "geo": null,
        "coordinates": null,
        "place": null,
        "contributors": null,
        "is_quote_status": true,
        "quoted_status_id": 753276737216245800,
        "quoted_status_id_str": "753276737216245761",
        "retweet_count": 0,
        "favorite_count": 0,
        "favorited": false,
        "retweeted": false,
        "possibly_sensitive": false,
        "lang": "en"
    },
    "contributors_enabled": false,
    "is_translator": false,
    "is_translation_enabled": false,
    "profile_background_color": "000000",
    "profile_background_image_url": "http://abs.twimg.com/images/themes/theme1/bg.png",
    "profile_background_image_url_https": "https://abs.twimg.com/images/themes/theme1/bg.png",
    "profile_background_tile": false,
    "profile_image_url": "http://pbs.twimg.com/profile_images/520690921143160832/usI-Acs7_normal.jpeg",
    "profile_image_url_https": "https://pbs.twimg.com/profile_images/520690921143160832/usI-Acs7_normal.jpeg",
    "profile_banner_url": "https://pbs.twimg.com/profile_banners/586941998/1412992101",
    "profile_link_color": "FA743E",
    "profile_sidebar_border_color": "000000",
    "profile_sidebar_fill_color": "000000",
    "profile_text_color": "000000",
    "profile_use_background_image": false,
    "has_extended_profile": false,
    "default_profile": false,
    "default_profile_image": false,
    "following": null,
    "follow_request_sent": null,
    "notifications": null
}