{
    "id": 80918348,
    "id_str": "80918348",
    "name": "Cytoscape",
    "screen_name": "cytoscape",
    "location": "",
    "profile_location": null,
    "description": "Cytoscape announcements from core developers.",
    "url": "http://t.co/48dyX8QZjd",
    "entities": {
        "url": {
            "urls": [
                {
                    "url": "http://t.co/48dyX8QZjd",
                    "expanded_url": "http://www.cytoscape.org/",
                    "display_url": "cytoscape.org",
                    "indices": [
                        0,
                        22
                    ]
                }
            ]
        },
        "description": {
            "urls": []
        }
    },
    "protected": false,
    "followers_count": 1785,
    "friends_count": 34,
    "listed_count": 126,
    "created_at": "Thu Oct 08 19:07:21 +0000 2009",
    "favourites_count": 10,
    "utc_offset": -25200,
    "time_zone": "Pacific Time (US & Canada)",
    "geo_enabled": true,
    "verified": false,
    "statuses_count": 819,
    "lang": "en",
    "status": {
        "created_at": "Mon Jul 11 18:19:20 +0000 2016",
        "id": 752567970010767400,
        "id_str": "752567970010767364",
        "text": "Done!  Now both #BOSC2016  poster and slides are available online: https://t.co/tncPBef4Yb https://t.co/yWa9yFmTnE https://t.co/ypEtD6KrJw",
        "truncated": false,
        "entities": {
            "hashtags": [
                {
                    "text": "BOSC2016",
                    "indices": [
                        16,
                        25
                    ]
                }
            ],
            "symbols": [],
            "user_mentions": [],
            "urls": [
                {
                    "url": "https://t.co/tncPBef4Yb",
                    "expanded_url": "http://f1000research.com/posters/5-1662",
                    "display_url": "f1000research.com/posters/5-1662",
                    "indices": [
                        67,
                        90
                    ]
                },
                {
                    "url": "https://t.co/yWa9yFmTnE",
                    "expanded_url": "http://f1000research.com/slides/5-1661",
                    "display_url": "f1000research.com/slides/5-1661",
                    "indices": [
                        91,
                        114
                    ]
                },
                {
                    "url": "https://t.co/ypEtD6KrJw",
                    "expanded_url": "https://twitter.com/pjacock/status/752514047371776001",
                    "display_url": "twitter.com/pjacock/status…",
                    "indices": [
                        115,
                        138
                    ]
                }
            ]
        },
        "source": "<a href=\"http://itunes.apple.com/us/app/twitter/id409789998?mt=12\" rel=\"nofollow\">Twitter for Mac</a>",
        "in_reply_to_status_id": null,
        "in_reply_to_status_id_str": null,
        "in_reply_to_user_id": null,
        "in_reply_to_user_id_str": null,
        "in_reply_to_screen_name": null,
        "geo": null,
        "coordinates": null,
        "place": null,
        "contributors": null,
        "is_quote_status": true,
        "quoted_status_id": 752514047371776000,
        "quoted_status_id_str": "752514047371776001",
        "retweet_count": 2,
        "favorite_count": 3,
        "favorited": false,
        "retweeted": false,
        "possibly_sensitive": false,
        "lang": "en"
    },
    "contributors_enabled": false,
    "is_translator": false,
    "is_translation_enabled": false,
    "profile_background_color": "3D3D3D",
    "profile_background_image_url": "http://pbs.twimg.com/profile_background_images/78499070/twitterC.jpg",
    "profile_background_image_url_https": "https://pbs.twimg.com/profile_background_images/78499070/twitterC.jpg",
    "profile_background_tile": false,
    "profile_image_url": "http://pbs.twimg.com/profile_images/455773360551501825/M9ELu5_e_normal.png",
    "profile_image_url_https": "https://pbs.twimg.com/profile_images/455773360551501825/M9ELu5_e_normal.png",
    "profile_banner_url": "https://pbs.twimg.com/profile_banners/80918348/1397499660",
    "profile_link_color": "0084B4",
    "profile_sidebar_border_color": "FFFFFF",
    "profile_sidebar_fill_color": "B3B1B1",
    "profile_text_color": "333333",
    "profile_use_background_image": false,
    "has_extended_profile": false,
    "default_profile": false,
    "default_profile_image": false,
    "following": null,
    "follow_request_sent": null,
    "notifications": null
}