{
    "id": 273603872,
    "id_str": "273603872",
    "name": "Charles Pascalar",
    "screen_name": "cpascalar",
    "location": "Lives outside the box",
    "profile_location": null,
    "description": "VP, Global Mktg for Payless Shoes. Forbes Top 100 Mktg Minds. Make A Wish and CASA Board Member. Views=own. #USF One book for kids https://t.co/mrUeHNdC1r",
    "url": null,
    "entities": {
        "description": {
            "urls": [
                {
                    "url": "https://t.co/mrUeHNdC1r",
                    "expanded_url": "http://buff.ly/1JJwAPF",
                    "display_url": "buff.ly/1JJwAPF",
                    "indices": [
                        131,
                        154
                    ]
                }
            ]
        }
    },
    "protected": false,
    "followers_count": 88362,
    "friends_count": 74602,
    "listed_count": 1853,
    "created_at": "Mon Mar 28 20:21:33 +0000 2011",
    "favourites_count": 10987,
    "utc_offset": -18000,
    "time_zone": "Central Time (US & Canada)",
    "geo_enabled": true,
    "verified": false,
    "statuses_count": 14797,
    "lang": "en",
    "status": {
        "created_at": "Wed Jul 13 17:03:35 +0000 2016",
        "id": 753273682013876200,
        "id_str": "753273682013876224",
        "text": "Here's why retailers should be terrified of millennials and Gen Z https://t.co/RE0yGL6rci via @BI_RetailNews",
        "truncated": false,
        "entities": {
            "hashtags": [],
            "symbols": [],
            "user_mentions": [
                {
                    "screen_name": "BI_RetailNews",
                    "name": "BI Retail",
                    "id": 778772341,
                    "id_str": "778772341",
                    "indices": [
                        94,
                        108
                    ]
                }
            ],
            "urls": [
                {
                    "url": "https://t.co/RE0yGL6rci",
                    "expanded_url": "http://buff.ly/292qyte",
                    "display_url": "buff.ly/292qyte",
                    "indices": [
                        66,
                        89
                    ]
                }
            ]
        },
        "source": "<a href=\"http://bufferapp.com\" rel=\"nofollow\">Buffer</a>",
        "in_reply_to_status_id": null,
        "in_reply_to_status_id_str": null,
        "in_reply_to_user_id": null,
        "in_reply_to_user_id_str": null,
        "in_reply_to_screen_name": null,
        "geo": null,
        "coordinates": null,
        "place": null,
        "contributors": null,
        "is_quote_status": false,
        "retweet_count": 1,
        "favorite_count": 0,
        "favorited": false,
        "retweeted": false,
        "possibly_sensitive": false,
        "lang": "en"
    },
    "contributors_enabled": false,
    "is_translator": false,
    "is_translation_enabled": false,
    "profile_background_color": "C0DEED",
    "profile_background_image_url": "http://pbs.twimg.com/profile_background_images/561861080/holidays_for_kids.jpg",
    "profile_background_image_url_https": "https://pbs.twimg.com/profile_background_images/561861080/holidays_for_kids.jpg",
    "profile_background_tile": false,
    "profile_image_url": "http://pbs.twimg.com/profile_images/682721176154693632/BcIJIOsF_normal.jpg",
    "profile_image_url_https": "https://pbs.twimg.com/profile_images/682721176154693632/BcIJIOsF_normal.jpg",
    "profile_banner_url": "https://pbs.twimg.com/profile_banners/273603872/1442336884",
    "profile_link_color": "0084B4",
    "profile_sidebar_border_color": "C0DEED",
    "profile_sidebar_fill_color": "DDEEF6",
    "profile_text_color": "333333",
    "profile_use_background_image": true,
    "has_extended_profile": false,
    "default_profile": false,
    "default_profile_image": false,
    "following": null,
    "follow_request_sent": null,
    "notifications": null
}